n,ht,time_per_io,res
100000,1,1.96364,159.335
100000,10,1.39289,-56.6191
100000,20,1.31967,-55.6699
100000,50,1.75533,119.451
100000,100,1.61217,0.943042
10000000,1,111.112,78.2041
10000000,10,167.235,22.2862
10000000,20,170.63,-163.575
10000000,50,177.736,-92.8022
10000000,100,158.684,-30.0677
