n,ht,time_per_io,res
10000000,100,117.987,194.666
n,ht,time_per_io,res
100000,100,1.67231,21.1384
n,ht,time_per_io,res
1000000,100,1.35915,-92.8027
